source,target,weight
topic::landbrug,topic::beredskab,1
topic::landbrug,topic::integration,1
topic::landbrug,topic::natur,1
topic::landbrug,topic::pandemi,1
topic::landbrug,topic::energi,2
topic::landbrug,topic::økonomi,3
topic::landbrug,topic::innovation,2
topic::landbrug,topic::biodiversit,1
topic::landbrug,topic::sundhed,1
topic::landbrug,topic::virksomhed,1
topic::landbrug,topic::mad,1
topic::landbrug,topic::budg,1
topic::landbrug,topic::iværksætteri,1
topic::landbrug,topic::pas,1
topic::landbrug,topic::hav,1
topic::landbrug,topic::forskning,1
topic::landbrug,topic::industri,1
topic::landbrug,topic::udenrigspolitik,1
topic::landbrug,topic::sikkerhedspolitik,1
topic::landbrug,topic::jagt,1
topic::landbrug,topic::ligestilling,1
topic::landbrug,topic::kvind,1
topic::landbrug,topic::migration,2
topic::landbrug,topic::krise,1
topic::landbrug,topic::rejse,1
topic::landbrug,topic::handel,1
topic::landbrug,topic::rettighed,1
topic::landbrug,topic::miljø,3
topic::landbrug,topic::klima,2
topic::krig,topic::sport,1
topic::krig,topic::tyrki,1
topic::krig,topic::energi,1
topic::krig,topic::økonomi,1
topic::krig,topic::sundhed,1
topic::krig,topic::udvalg,1
topic::krig,topic::bil,1
topic::krig,topic::kurd,1
topic::krig,topic::solidarit,1
topic::krig,topic::plastik,1
topic::krig,topic::menneskerettighed,1
topic::krig,topic::arbejde,1
topic::krig,topic::flygtninge,1
topic::krig,topic::migration,1
topic::krig,topic::miljø,1
topic::krig,topic::klima,2
topic::krig,topic::sikkerhed,1
topic::krig,topic::fagbevægelse,1
topic::krig,topic::affald,1
topic::krig,topic::fremtid,1
topic::krig,topic::ombudsmand,1
topic::krig,topic::indflydelse,1
topic::krig,topic::lov,1
topic::krig,topic::konflikt,1
topic::krig,topic::børn,1
topic::krig,topic::borgere,1
topic::krig,topic::demokrati,2
topic::krig,topic::fred,1
topic::krig,topic::eu-støtte,1
topic::krig,topic::besættelse,1
topic::krig,topic::ressourc,1
topic::krig,topic::rettighed,2
topic::krig,topic::arbejdsmiljø,1
topic::krig,topic::ulighed,1
topic::tjenest,topic::økonomi,1
topic::tjenest,topic::indremarked,1
topic::tjenest,topic::kriminalit,1
topic::tjenest,topic::samarbejde,1
topic::tjenest,topic::politi,1
topic::lovgivning,topic::energi,1
topic::lovgivning,topic::ansættelse,1
topic::lovgivning,topic::økonomi,2
topic::lovgivning,topic::brændstof,1
topic::lovgivning,topic::sundhed,2
topic::lovgivning,topic::forebyggelse,1
topic::lovgivning,topic::virksomhed,1
topic::lovgivning,topic::teknologi,1
topic::lovgivning,topic::eu,1
topic::lovgivning,topic::elektronik,1
topic::lovgivning,topic::sygdomme,1
topic::lovgivning,topic::marked,1
topic::lovgivning,topic::arbejdsplads,1
topic::lovgivning,topic::dødsstraf,1
topic::lovgivning,topic::digitalisering,1
topic::lovgivning,topic::menneskerettighed,1
topic::lovgivning,topic::arbejde,1
topic::lovgivning,topic::transport,1
topic::lovgivning,topic::luftforurening,1
topic::lovgivning,topic::id-kort,1
topic::lovgivning,topic::miljø,1
topic::lovgivning,topic::pressefrihed,1
topic::lovgivning,topic::klima,2
topic::lovgivning,topic::diabetes,1
topic::lovgivning,topic::data,1
topic::lovgivning,topic::svindel,1
topic::lovgivning,topic::patient,1
topic::lovgivning,topic::sikkerhed,2
topic::lovgivning,topic::lønmodtagere,1
topic::lovgivning,topic::fremtid,1
topic::lovgivning,topic::platformøkonomi,1
topic::lovgivning,topic::kontrol,1
topic::lovgivning,topic::demokrati,1
topic::lovgivning,topic::bestyrels,1
topic::lovgivning,topic::handicap,1
topic::lovgivning,topic::forbrugere,1
topic::lovgivning,topic::ligestilling,1
topic::lovgivning,topic::kræft,1
topic::lovgivning,topic::luftfart,1
topic::lovgivning,topic::ressourc,1
topic::lovgivning,topic::dumping,1
topic::lovgivning,topic::kvind,1
topic::lovgivning,topic::arbejdsmiljø,1
topic::lovgivning,topic::arbejdsvilkår,1
topic::lovgivning,topic::udstyr,1
topic::grøn omstilling,topic::marked,1
topic::grøn omstilling,topic::konkurrence,1
topic::innovation,topic::beredskab,1
topic::innovation,topic::integration,1
topic::innovation,topic::natur,1
topic::innovation,topic::pandemi,1
topic::innovation,topic::energi,2
topic::innovation,topic::økonomi,1
topic::innovation,topic::biodiversit,1
topic::innovation,topic::sundhed,1
topic::innovation,topic::virksomhed,1
topic::innovation,topic::mad,1
topic::innovation,topic::iværksætteri,1
topic::innovation,topic::pas,1
topic::innovation,topic::hav,1
topic::innovation,topic::industri,1
topic::innovation,topic::udenrigspolitik,1
topic::innovation,topic::sikkerhedspolitik,1
topic::innovation,topic::jagt,1
topic::innovation,topic::ligestilling,1
topic::innovation,topic::kvind,1
topic::innovation,topic::migration,1
topic::innovation,topic::krise,1
topic::innovation,topic::rejse,1
topic::innovation,topic::handel,1
topic::innovation,topic::rettighed,1
topic::innovation,topic::miljø,2
topic::innovation,topic::klima,2
topic::indkomst,topic::finans,1
topic::indkomst,topic::ligestilling,1
topic::indkomst,topic::socialsikring,1
topic::indkomst,topic::kvind,1
topic::indkomst,topic::vold,1
topic::indkomst,topic::fattigdom,1
topic::indkomst,topic::skattely,1
topic::indkomst,topic::skat,1
topic::udvalg,topic::affald,1
topic::udvalg,topic::økonomi,1
topic::udvalg,topic::fremtid,1
topic::udvalg,topic::ombudsmand,1
topic::udvalg,topic::indflydelse,1
topic::udvalg,topic::lov,1
topic::udvalg,topic::konflikt,1
topic::udvalg,topic::borgere,1
topic::udvalg,topic::demokrati,1
topic::udvalg,topic::fred,1
topic::udvalg,topic::kurd,1
topic::udvalg,topic::plastik,1
topic::udvalg,topic::besættelse,1
topic::udvalg,topic::ressourc,1
topic::udvalg,topic::rettighed,1
topic::udvalg,topic::miljø,1
topic::udvalg,topic::klima,1
topic::uafhængighed,topic::velfærd,1
topic::uafhængighed,topic::politik,1
topic::uafhængighed,topic::energi,1
topic::uafhængighed,topic::økonomi,1
topic::uafhængighed,topic::cirkus,1
topic::uafhængighed,topic::gas,1
topic::uafhængighed,topic::brint,1
topic::uafhængighed,topic::skat,1
topic::uafhængighed,topic::klima,1
topic::uafhængighed,topic::dyr,1
topic::solidarit,topic::sport,1
topic::solidarit,topic::sikkerhed,1
topic::solidarit,topic::tyrki,1
topic::solidarit,topic::energi,1
topic::solidarit,topic::fagbevægelse,1
topic::solidarit,topic::sundhed,1
topic::solidarit,topic::børn,1
topic::solidarit,topic::bil,1
topic::solidarit,topic::demokrati,1
topic::solidarit,topic::eu-støtte,1
topic::solidarit,topic::menneskerettighed,1
topic::solidarit,topic::arbejde,1
topic::solidarit,topic::flygtninge,1
topic::solidarit,topic::migration,1
topic::solidarit,topic::rettighed,1
topic::solidarit,topic::arbejdsmiljø,1
topic::solidarit,topic::ulighed,1
topic::solidarit,topic::klima,1
topic::bank,topic::finanskrise,1
topic::bank,topic::euro,1
topic::bank,topic::tilsyn,1
topic::bank,topic::overvågning,1
topic::bank,topic::økonomi,1
topic::bank,topic::arbejde,1
topic::bank,topic::retsikkerhed,1
topic::bank,topic::løn,1
topic::bank,topic::eu,1
topic::bank,topic::politi,1
topic::dødsstraf,topic::lønmodtagere,1
topic::dødsstraf,topic::sikkerhed,1
topic::dødsstraf,topic::ansættelse,1
topic::dødsstraf,topic::økonomi,1
topic::dødsstraf,topic::brændstof,1
topic::dødsstraf,topic::sundhed,1
topic::dødsstraf,topic::virksomhed,1
topic::dødsstraf,topic::platformøkonomi,1
topic::dødsstraf,topic::kontrol,1
topic::dødsstraf,topic::eu,1
topic::dødsstraf,topic::demokrati,1
topic::dødsstraf,topic::bestyrels,1
topic::dødsstraf,topic::handicap,1
topic::dødsstraf,topic::ligestilling,1
topic::dødsstraf,topic::arbejdsplads,1
topic::dødsstraf,topic::menneskerettighed,1
topic::dødsstraf,topic::arbejde,1
topic::dødsstraf,topic::luftfart,1
topic::dødsstraf,topic::dumping,1
topic::dødsstraf,topic::transport,1
topic::dødsstraf,topic::kvind,1
topic::dødsstraf,topic::id-kort,1
topic::dødsstraf,topic::arbejdsmiljø,1
topic::dødsstraf,topic::arbejdsvilkår,1
topic::dødsstraf,topic::pressefrihed,1
topic::dødsstraf,topic::klima,1
topic::menneskerettighed,topic::sport,1
topic::menneskerettighed,topic::tyrki,1
topic::menneskerettighed,topic::energi,1
topic::menneskerettighed,topic::ansættelse,1
topic::menneskerettighed,topic::økonomi,1
topic::menneskerettighed,topic::brændstof,1
topic::menneskerettighed,topic::sundhed,2
topic::menneskerettighed,topic::virksomhed,1
topic::menneskerettighed,topic::bil,1
topic::menneskerettighed,topic::eu,1
topic::menneskerettighed,topic::arbejdsvilkår,1
topic::menneskerettighed,topic::arbejdsplads,1
topic::menneskerettighed,topic::arbejde,2
topic::menneskerettighed,topic::flygtninge,1
topic::menneskerettighed,topic::transport,1
topic::menneskerettighed,topic::migration,1
topic::menneskerettighed,topic::id-kort,1
topic::menneskerettighed,topic::pressefrihed,1
topic::menneskerettighed,topic::klima,2
topic::menneskerettighed,topic::sikkerhed,2
topic::menneskerettighed,topic::fagbevægelse,1
topic::menneskerettighed,topic::lønmodtagere,1
topic::menneskerettighed,topic::platformøkonomi,1
topic::menneskerettighed,topic::børn,1
topic::menneskerettighed,topic::kontrol,1
topic::menneskerettighed,topic::demokrati,2
topic::menneskerettighed,topic::bestyrels,1
topic::menneskerettighed,topic::eu-støtte,1
topic::menneskerettighed,topic::handicap,1
topic::menneskerettighed,topic::ligestilling,1
topic::menneskerettighed,topic::luftfart,1
topic::menneskerettighed,topic::dumping,1
topic::menneskerettighed,topic::kvind,1
topic::menneskerettighed,topic::rettighed,1
topic::menneskerettighed,topic::arbejdsmiljø,2
topic::menneskerettighed,topic::ulighed,1
topic::transport,topic::lønmodtagere,1
topic::transport,topic::sikkerhed,1
topic::transport,topic::ansættelse,1
topic::transport,topic::økonomi,1
topic::transport,topic::brændstof,1
topic::transport,topic::sundhed,1
topic::transport,topic::virksomhed,1
topic::transport,topic::platformøkonomi,1
topic::transport,topic::kontrol,1
topic::transport,topic::eu,1
topic::transport,topic::demokrati,1
topic::transport,topic::bestyrels,1
topic::transport,topic::handicap,1
topic::transport,topic::ligestilling,1
topic::transport,topic::arbejdsplads,1
topic::transport,topic::arbejde,1
topic::transport,topic::luftfart,1
topic::transport,topic::dumping,1
topic::transport,topic::kvind,1
topic::transport,topic::id-kort,1
topic::transport,topic::arbejdsmiljø,1
topic::transport,topic::arbejdsvilkår,1
topic::transport,topic::pressefrihed,1
topic::transport,topic::klima,1
topic::luftforurening,topic::diabetes,1
topic::luftforurening,topic::data,1
topic::luftforurening,topic::svindel,1
topic::luftforurening,topic::patient,1
topic::luftforurening,topic::sikkerhed,1
topic::luftforurening,topic::energi,1
topic::luftforurening,topic::økonomi,1
topic::luftforurening,topic::fremtid,1
topic::luftforurening,topic::sundhed,1
topic::luftforurening,topic::forebyggelse,1
topic::luftforurening,topic::teknologi,1
topic::luftforurening,topic::elektronik,1
topic::luftforurening,topic::forbrugere,1
topic::luftforurening,topic::sygdomme,1
topic::luftforurening,topic::marked,1
topic::luftforurening,topic::kræft,1
topic::luftforurening,topic::digitalisering,1
topic::luftforurening,topic::ressourc,1
topic::luftforurening,topic::miljø,1
topic::luftforurening,topic::udstyr,1
topic::luftforurening,topic::klima,1
topic::rejse,topic::beredskab,1
topic::rejse,topic::integration,1
topic::rejse,topic::natur,1
topic::rejse,topic::pandemi,1
topic::rejse,topic::energi,1
topic::rejse,topic::økonomi,1
topic::rejse,topic::biodiversit,1
topic::rejse,topic::sundhed,1
topic::rejse,topic::virksomhed,1
topic::rejse,topic::iværksætteri,1
topic::rejse,topic::pas,1
topic::rejse,topic::hav,1
topic::rejse,topic::industri,1
topic::rejse,topic::udenrigspolitik,1
topic::rejse,topic::sikkerhedspolitik,1
topic::rejse,topic::jagt,1
topic::rejse,topic::ligestilling,1
topic::rejse,topic::kvind,1
topic::rejse,topic::migration,1
topic::rejse,topic::krise,1
topic::rejse,topic::handel,1
topic::rejse,topic::rettighed,1
topic::rejse,topic::miljø,1
topic::rejse,topic::klima,1
topic::handel,topic::beredskab,1
topic::handel,topic::integration,1
topic::handel,topic::energi,3
topic::handel,topic::økonomi,2
topic::handel,topic::biodiversit,1
topic::handel,topic::sundhed,1
topic::handel,topic::virksomhed,2
topic::handel,topic::regl,1
topic::handel,topic::iværksætteri,1
topic::handel,topic::eu,1
topic::handel,topic::hav,1
topic::handel,topic::retssystem,1
topic::handel,topic::terror,1
topic::handel,topic::sikkerhedspolitik,1
topic::handel,topic::marked,1
topic::handel,topic::migration,1
topic::handel,topic::kriminalit,1
topic::handel,topic::miljø,1
topic::handel,topic::fødevar,1
topic::handel,topic::samarbejde,1
topic::handel,topic::klima,3
topic::handel,topic::politi,1
topic::handel,topic::konkurrence,1
topic::handel,topic::natur,1
topic::handel,topic::sikkerhed,1
topic::handel,topic::pandemi,1
topic::handel,topic::pas,1
topic::handel,topic::investering,1
topic::handel,topic::skat,1
topic::handel,topic::omstilling,1
topic::handel,topic::industri,1
topic::handel,topic::udenrigspolitik,1
topic::handel,topic::finans,1
topic::handel,topic::jagt,1
topic::handel,topic::ligestilling,1
topic::handel,topic::kina,1
topic::handel,topic::kvind,1
topic::handel,topic::krise,1
topic::handel,topic::bæredygtighed,1
topic::handel,topic::rettighed,1
topic::handel,topic::brexit,1
topic::miljø,topic::beredskab,1
topic::miljø,topic::integration,1
topic::miljø,topic::energi,3
topic::miljø,topic::økonomi,4
topic::miljø,topic::biodiversit,1
topic::miljø,topic::sundhed,2
topic::miljø,topic::virksomhed,1
topic::miljø,topic::forebyggelse,1
topic::miljø,topic::teknologi,1
topic::miljø,topic::iværksætteri,1
topic::miljø,topic::hav,1
topic::miljø,topic::elektronik,1
topic::miljø,topic::kurd,1
topic::miljø,topic::plastik,1
topic::miljø,topic::sikkerhedspolitik,1
topic::miljø,topic::sygdomme,1
topic::miljø,topic::marked,1
topic::miljø,topic::digitalisering,1
topic::miljø,topic::migration,1
topic::miljø,topic::klima,4
topic::miljø,topic::diabetes,1
topic::miljø,topic::data,1
topic::miljø,topic::svindel,1
topic::miljø,topic::patient,1
topic::miljø,topic::natur,1
topic::miljø,topic::sikkerhed,1
topic::miljø,topic::pandemi,1
topic::miljø,topic::affald,1
topic::miljø,topic::fremtid,2
topic::miljø,topic::mad,1
topic::miljø,topic::ombudsmand,1
topic::miljø,topic::indflydelse,1
topic::miljø,topic::lov,1
topic::miljø,topic::konflikt,1
topic::miljø,topic::pas,1
topic::miljø,topic::borgere,1
topic::miljø,topic::demokrati,1
topic::miljø,topic::fred,1
topic::miljø,topic::industri,1
topic::miljø,topic::forbrugere,1
topic::miljø,topic::udenrigspolitik,1
topic::miljø,topic::jagt,1
topic::miljø,topic::ligestilling,1
topic::miljø,topic::besættelse,1
topic::miljø,topic::kræft,1
topic::miljø,topic::ressourc,2
topic::miljø,topic::kvind,1
topic::miljø,topic::krise,1
topic::miljø,topic::rettighed,2
topic::miljø,topic::udstyr,1
topic::samarbejde,topic::omstilling,1
topic::samarbejde,topic::velfærd,1
topic::samarbejde,topic::energi,1
topic::samarbejde,topic::brexit,1
topic::samarbejde,topic::økonomi,1
topic::samarbejde,topic::eu,1
topic::samarbejde,topic::indremarked,1
topic::samarbejde,topic::kriminalit,1
topic::samarbejde,topic::investering,1
topic::samarbejde,topic::klima,1
topic::samarbejde,topic::politi,1
topic::klima,topic::beredskab,1
topic::klima,topic::sundhed,4
topic::klima,topic::virksomhed,3
topic::klima,topic::bil,1
topic::klima,topic::hav,1
topic::klima,topic::sikkerhedspolitik,1
topic::klima,topic::arbejdsplads,1
topic::klima,topic::digitalisering,1
topic::klima,topic::kriminalit,1
topic::klima,topic::politi,1
topic::klima,topic::konkurrence,1
topic::klima,topic::svindel,1
topic::klima,topic::velfærd,1
topic::klima,topic::natur,1
topic::klima,topic::sikkerhed,5
topic::klima,topic::fagbevægelse,1
topic::klima,topic::lønmodtagere,1
topic::klima,topic::fremtid,2
topic::klima,topic::mad,1
topic::klima,topic::ombudsmand,1
topic::klima,topic::indflydelse,1
topic::klima,topic::lov,1
topic::klima,topic::platformøkonomi,1
topic::klima,topic::kontrol,1
topic::klima,topic::investering,1
topic::klima,topic::demokrati,3
topic::klima,topic::bestyrels,1
topic::klima,topic::pas,1
topic::klima,topic::borgere,1
topic::klima,topic::skat,2
topic::klima,topic::eu-støtte,1
topic::klima,topic::industri,1
topic::klima,topic::forbrugere,1
topic::klima,topic::besættelse,1
topic::klima,topic::ressourc,2
topic::klima,topic::kvind,2
topic::klima,topic::gas,1
topic::klima,topic::dumping,1
topic::klima,topic::rettighed,3
topic::klima,topic::arbejdsmiljø,2
topic::klima,topic::arbejdsvilkår,1
topic::klima,topic::udstyr,1
topic::klima,topic::brexit,1
topic::klima,topic::sport,1
topic::klima,topic::integration,1
topic::klima,topic::tyrki,1
topic::klima,topic::energi,8
topic::klima,topic::økonomi,6
topic::klima,topic::brændstof,1
topic::klima,topic::ansættelse,1
topic::klima,topic::biodiversit,1
topic::klima,topic::forebyggelse,1
topic::klima,topic::teknologi,1
topic::klima,topic::iværksætteri,1
topic::klima,topic::eu,1
topic::klima,topic::brint,1
topic::klima,topic::elektronik,1
topic::klima,topic::kurd,1
topic::klima,topic::plastik,1
topic::klima,topic::terror,1
topic::klima,topic::sygdomme,1
topic::klima,topic::marked,2
topic::klima,topic::arbejde,2
topic::klima,topic::flygtninge,1
topic::klima,topic::migration,2
topic::klima,topic::id-kort,1
topic::klima,topic::pressefrihed,1
topic::klima,topic::diabetes,1
topic::klima,topic::data,1
topic::klima,topic::patient,1
topic::klima,topic::affald,1
topic::klima,topic::pandemi,1
topic::klima,topic::konflikt,1
topic::klima,topic::børn,1
topic::klima,topic::fred,1
topic::klima,topic::handicap,1
topic::klima,topic::omstilling,1
topic::klima,topic::dyr,1
topic::klima,topic::udenrigspolitik,1
topic::klima,topic::jagt,1
topic::klima,topic::ligestilling,2
topic::klima,topic::kina,1
topic::klima,topic::kræft,1
topic::klima,topic::luftfart,1
topic::klima,topic::cirkus,1
topic::klima,topic::krise,1
topic::klima,topic::bæredygtighed,1
topic::klima,topic::ulighed,1
topic::klima,topic::politik,1
topic::konkurrence,topic::terror,1
topic::konkurrence,topic::sikkerhed,1
topic::konkurrence,topic::energi,1
topic::konkurrence,topic::marked,2
topic::konkurrence,topic::kina,1
topic::konkurrence,topic::økonomi,1
topic::konkurrence,topic::virksomhed,1
topic::konkurrence,topic::bæredygtighed,1
topic::konkurrence,topic::kriminalit,1
topic::konkurrence,topic::skat,1
topic::konkurrence,topic::politi,1
topic::svindel,topic::diabetes,1
topic::svindel,topic::data,1
topic::svindel,topic::patient,1
topic::svindel,topic::sikkerhed,1
topic::svindel,topic::energi,1
topic::svindel,topic::økonomi,1
topic::svindel,topic::fremtid,1
topic::svindel,topic::sundhed,1
topic::svindel,topic::forebyggelse,1
topic::svindel,topic::teknologi,1
topic::svindel,topic::elektronik,1
topic::svindel,topic::forbrugere,1
topic::svindel,topic::sygdomme,1
topic::svindel,topic::marked,1
topic::svindel,topic::kræft,1
topic::svindel,topic::digitalisering,1
topic::svindel,topic::ressourc,1
topic::svindel,topic::udstyr,1
topic::mindretal,topic::demokrati,1
topic::mindretal,topic::retsstat,1
topic::natur,topic::beredskab,1
topic::natur,topic::integration,1
topic::natur,topic::pandemi,1
topic::natur,topic::energi,1
topic::natur,topic::økonomi,1
topic::natur,topic::biodiversit,1
topic::natur,topic::sundhed,1
topic::natur,topic::virksomhed,1
topic::natur,topic::iværksætteri,1
topic::natur,topic::pas,1
topic::natur,topic::hav,1
topic::natur,topic::industri,1
topic::natur,topic::udenrigspolitik,1
topic::natur,topic::sikkerhedspolitik,1
topic::natur,topic::jagt,1
topic::natur,topic::ligestilling,1
topic::natur,topic::kvind,1
topic::natur,topic::migration,1
topic::natur,topic::krise,1
topic::natur,topic::rettighed,1
topic::sikkerhed,topic::sundhed,3
topic::sikkerhed,topic::virksomhed,2
topic::sikkerhed,topic::bil,1
topic::sikkerhed,topic::arbejdsplads,1
topic::sikkerhed,topic::digitalisering,1
topic::sikkerhed,topic::kriminalit,1
topic::sikkerhed,topic::politi,1
topic::sikkerhed,topic::fagbevægelse,1
topic::sikkerhed,topic::lønmodtagere,1
topic::sikkerhed,topic::fremtid,1
topic::sikkerhed,topic::platformøkonomi,1
topic::sikkerhed,topic::kontrol,1
topic::sikkerhed,topic::demokrati,2
topic::sikkerhed,topic::bestyrels,1
topic::sikkerhed,topic::skat,1
topic::sikkerhed,topic::eu-støtte,1
topic::sikkerhed,topic::forbrugere,1
topic::sikkerhed,topic::ressourc,1
topic::sikkerhed,topic::dumping,1
topic::sikkerhed,topic::kvind,1
topic::sikkerhed,topic::rettighed,1
topic::sikkerhed,topic::arbejdsmiljø,2
topic::sikkerhed,topic::arbejdsvilkår,1
topic::sikkerhed,topic::udstyr,1
topic::sikkerhed,topic::sport,1
topic::sikkerhed,topic::tyrki,1
topic::sikkerhed,topic::energi,4
topic::sikkerhed,topic::økonomi,3
topic::sikkerhed,topic::ansættelse,1
topic::sikkerhed,topic::brændstof,1
topic::sikkerhed,topic::forebyggelse,1
topic::sikkerhed,topic::teknologi,1
topic::sikkerhed,topic::eu,1
topic::sikkerhed,topic::elektronik,1
topic::sikkerhed,topic::terror,1
topic::sikkerhed,topic::sygdomme,1
topic::sikkerhed,topic::marked,2
topic::sikkerhed,topic::arbejde,2
topic::sikkerhed,topic::flygtninge,1
topic::sikkerhed,topic::migration,1
topic::sikkerhed,topic::id-kort,1
topic::sikkerhed,topic::pressefrihed,1
topic::sikkerhed,topic::diabetes,1
topic::sikkerhed,topic::data,1
topic::sikkerhed,topic::patient,1
topic::sikkerhed,topic::børn,1
topic::sikkerhed,topic::handicap,1
topic::sikkerhed,topic::ligestilling,1
topic::sikkerhed,topic::kina,1
topic::sikkerhed,topic::kræft,1
topic::sikkerhed,topic::luftfart,1
topic::sikkerhed,topic::bæredygtighed,1
topic::sikkerhed,topic::ulighed,1
topic::lønmodtagere,topic::ansættelse,1
topic::lønmodtagere,topic::økonomi,1
topic::lønmodtagere,topic::brændstof,1
topic::lønmodtagere,topic::sundhed,1
topic::lønmodtagere,topic::virksomhed,1
topic::lønmodtagere,topic::platformøkonomi,1
topic::lønmodtagere,topic::kontrol,1
topic::lønmodtagere,topic::eu,1
topic::lønmodtagere,topic::demokrati,1
topic::lønmodtagere,topic::bestyrels,1
topic::lønmodtagere,topic::handicap,1
topic::lønmodtagere,topic::ligestilling,1
topic::lønmodtagere,topic::arbejdsplads,1
topic::lønmodtagere,topic::arbejde,1
topic::lønmodtagere,topic::luftfart,1
topic::lønmodtagere,topic::dumping,1
topic::lønmodtagere,topic::kvind,1
topic::lønmodtagere,topic::id-kort,1
topic::lønmodtagere,topic::arbejdsmiljø,1
topic::lønmodtagere,topic::arbejdsvilkår,1
topic::lønmodtagere,topic::pressefrihed,1
topic::fagbevægelse,topic::sport,1
topic::fagbevægelse,topic::tyrki,1
topic::fagbevægelse,topic::energi,1
topic::fagbevægelse,topic::sundhed,1
topic::fagbevægelse,topic::børn,1
topic::fagbevægelse,topic::bil,1
topic::fagbevægelse,topic::demokrati,1
topic::fagbevægelse,topic::eu-støtte,1
topic::fagbevægelse,topic::arbejde,1
topic::fagbevægelse,topic::flygtninge,1
topic::fagbevægelse,topic::migration,1
topic::fagbevægelse,topic::rettighed,1
topic::fagbevægelse,topic::arbejdsmiljø,1
topic::fagbevægelse,topic::ulighed,1
topic::fejl,topic::ansvar,1
topic::fejl,topic::revision,1
topic::ombudsmand,topic::affald,1
topic::ombudsmand,topic::økonomi,1
topic::ombudsmand,topic::fremtid,1
topic::ombudsmand,topic::indflydelse,1
topic::ombudsmand,topic::lov,1
topic::ombudsmand,topic::konflikt,1
topic::ombudsmand,topic::borgere,1
topic::ombudsmand,topic::demokrati,1
topic::ombudsmand,topic::fred,1
topic::ombudsmand,topic::kurd,1
topic::ombudsmand,topic::plastik,1
topic::ombudsmand,topic::besættelse,1
topic::ombudsmand,topic::ressourc,1
topic::ombudsmand,topic::rettighed,1
topic::indflydelse,topic::affald,1
topic::indflydelse,topic::økonomi,1
topic::indflydelse,topic::fremtid,1
topic::indflydelse,topic::lov,1
topic::indflydelse,topic::konflikt,1
topic::indflydelse,topic::borgere,1
topic::indflydelse,topic::demokrati,1
topic::indflydelse,topic::fred,1
topic::indflydelse,topic::kurd,1
topic::indflydelse,topic::plastik,1
topic::indflydelse,topic::besættelse,1
topic::indflydelse,topic::ressourc,1
topic::indflydelse,topic::rettighed,1
topic::platformøkonomi,topic::ansættelse,1
topic::platformøkonomi,topic::økonomi,1
topic::platformøkonomi,topic::brændstof,1
topic::platformøkonomi,topic::sundhed,1
topic::platformøkonomi,topic::virksomhed,1
topic::platformøkonomi,topic::kontrol,1
topic::platformøkonomi,topic::eu,1
topic::platformøkonomi,topic::demokrati,1
topic::platformøkonomi,topic::bestyrels,1
topic::platformøkonomi,topic::handicap,1
topic::platformøkonomi,topic::ligestilling,1
topic::platformøkonomi,topic::arbejdsplads,1
topic::platformøkonomi,topic::arbejde,1
topic::platformøkonomi,topic::luftfart,1
topic::platformøkonomi,topic::dumping,1
topic::platformøkonomi,topic::kvind,1
topic::platformøkonomi,topic::id-kort,1
topic::platformøkonomi,topic::arbejdsmiljø,1
topic::platformøkonomi,topic::arbejdsvilkår,1
topic::platformøkonomi,topic::pressefrihed,1
topic::kontrol,topic::ansættelse,1
topic::kontrol,topic::økonomi,1
topic::kontrol,topic::brændstof,1
topic::kontrol,topic::sundhed,1
topic::kontrol,topic::virksomhed,1
topic::kontrol,topic::eu,1
topic::kontrol,topic::demokrati,1
topic::kontrol,topic::bestyrels,1
topic::kontrol,topic::handicap,1
topic::kontrol,topic::ligestilling,1
topic::kontrol,topic::arbejdsplads,1
topic::kontrol,topic::arbejde,1
topic::kontrol,topic::luftfart,1
topic::kontrol,topic::dumping,1
topic::kontrol,topic::kvind,1
topic::kontrol,topic::id-kort,1
topic::kontrol,topic::arbejdsmiljø,1
topic::kontrol,topic::arbejdsvilkår,1
topic::kontrol,topic::pressefrihed,1
topic::demokrati,topic::sport,1
topic::demokrati,topic::tyrki,1
topic::demokrati,topic::ansættelse,1
topic::demokrati,topic::økonomi,2
topic::demokrati,topic::brændstof,1
topic::demokrati,topic::sundhed,2
topic::demokrati,topic::virksomhed,1
topic::demokrati,topic::energi,1
topic::demokrati,topic::bil,1
topic::demokrati,topic::eu,1
topic::demokrati,topic::kurd,1
topic::demokrati,topic::plastik,1
topic::demokrati,topic::arbejdsplads,1
topic::demokrati,topic::arbejde,2
topic::demokrati,topic::flygtninge,1
topic::demokrati,topic::migration,1
topic::demokrati,topic::id-kort,1
topic::demokrati,topic::pressefrihed,1
topic::demokrati,topic::affald,1
topic::demokrati,topic::fremtid,1
topic::demokrati,topic::lov,1
topic::demokrati,topic::konflikt,1
topic::demokrati,topic::ulighed,1
topic::demokrati,topic::børn,1
topic::demokrati,topic::bestyrels,1
topic::demokrati,topic::borgere,1
topic::demokrati,topic::fred,1
topic::demokrati,topic::retsstat,1
topic::demokrati,topic::handicap,1
topic::demokrati,topic::eu-støtte,1
topic::demokrati,topic::ligestilling,1
topic::demokrati,topic::besættelse,1
topic::demokrati,topic::luftfart,1
topic::demokrati,topic::ressourc,1
topic::demokrati,topic::dumping,1
topic::demokrati,topic::kvind,1
topic::demokrati,topic::rettighed,2
topic::demokrati,topic::arbejdsmiljø,2
topic::demokrati,topic::arbejdsvilkår,1
topic::bestyrels,topic::ansættelse,1
topic::bestyrels,topic::økonomi,1
topic::bestyrels,topic::brændstof,1
topic::bestyrels,topic::sundhed,1
topic::bestyrels,topic::virksomhed,1
topic::bestyrels,topic::eu,1
topic::bestyrels,topic::handicap,1
topic::bestyrels,topic::ligestilling,1
topic::bestyrels,topic::arbejdsplads,1
topic::bestyrels,topic::arbejde,1
topic::bestyrels,topic::luftfart,1
topic::bestyrels,topic::dumping,1
topic::bestyrels,topic::kvind,1
topic::bestyrels,topic::id-kort,1
topic::bestyrels,topic::arbejdsmiljø,1
topic::bestyrels,topic::arbejdsvilkår,1
topic::bestyrels,topic::pressefrihed,1
topic::skat,topic::velfærd,2
topic::skat,topic::energi,2
topic::skat,topic::økonomi,3
topic::skat,topic::virksomhed,1
topic::skat,topic::brint,1
topic::skat,topic::dyr,1
topic::skat,topic::terror,1
topic::skat,topic::finans,1
topic::skat,topic::ligestilling,1
topic::skat,topic::marked,1
topic::skat,topic::kina,1
topic::skat,topic::socialsikring,1
topic::skat,topic::kvind,1
topic::skat,topic::cirkus,1
topic::skat,topic::gas,1
topic::skat,topic::bæredygtighed,1
topic::skat,topic::skattely,1
topic::skat,topic::vold,1
topic::skat,topic::fattigdom,1
topic::skat,topic::kriminalit,1
topic::skat,topic::politik,1
topic::skat,topic::politi,1
topic::forbrugere,topic::diabetes,1
topic::forbrugere,topic::data,1
topic::forbrugere,topic::patient,1
topic::forbrugere,topic::energi,1
topic::forbrugere,topic::økonomi,1
topic::forbrugere,topic::fremtid,1
topic::forbrugere,topic::sundhed,1
topic::forbrugere,topic::forebyggelse,1
topic::forbrugere,topic::teknologi,1
topic::forbrugere,topic::elektronik,1
topic::forbrugere,topic::sygdomme,1
topic::forbrugere,topic::marked,1
topic::forbrugere,topic::kræft,1
topic::forbrugere,topic::digitalisering,1
topic::forbrugere,topic::ressourc,1
topic::forbrugere,topic::udstyr,1
topic::bureaukrati,topic::græns,1
topic::bureaukrati,topic::velfærd,1
topic::bureaukrati,topic::integration,1
topic::bureaukrati,topic::arbejde,1
topic::bureaukrati,topic::migration,1
topic::bureaukrati,topic::arbejdskraft,1
topic::bureaukrati,topic::løn,1
topic::bureaukrati,topic::jul,1
topic::bureaukrati,topic::brexit,1
topic::bureaukrati,topic::eu,1
topic::bureaukrati,topic::sprog,1
topic::ressourc,topic::energi,1
topic::ressourc,topic::økonomi,2
topic::ressourc,topic::sundhed,1
topic::ressourc,topic::forebyggelse,1
topic::ressourc,topic::teknologi,1
topic::ressourc,topic::elektronik,1
topic::ressourc,topic::kurd,1
topic::ressourc,topic::plastik,1
topic::ressourc,topic::sygdomme,1
topic::ressourc,topic::marked,1
topic::ressourc,topic::digitalisering,1
topic::ressourc,topic::diabetes,1
topic::ressourc,topic::data,1
topic::ressourc,topic::patient,1
topic::ressourc,topic::affald,1
topic::ressourc,topic::fremtid,2
topic::ressourc,topic::lov,1
topic::ressourc,topic::konflikt,1
topic::ressourc,topic::borgere,1
topic::ressourc,topic::fred,1
topic::ressourc,topic::besættelse,1
topic::ressourc,topic::kræft,1
topic::ressourc,topic::rettighed,1
topic::ressourc,topic::udstyr,1
topic::dumping,topic::ansættelse,1
topic::dumping,topic::økonomi,1
topic::dumping,topic::brændstof,1
topic::dumping,topic::sundhed,1
topic::dumping,topic::virksomhed,1
topic::dumping,topic::eu,1
topic::dumping,topic::handicap,1
topic::dumping,topic::ligestilling,1
topic::dumping,topic::arbejdsplads,1
topic::dumping,topic::arbejde,1
topic::dumping,topic::luftfart,1
topic::dumping,topic::kvind,1
topic::dumping,topic::id-kort,1
topic::dumping,topic::arbejdsmiljø,1
topic::dumping,topic::arbejdsvilkår,1
topic::dumping,topic::pressefrihed,1
topic::kvind,topic::beredskab,1
topic::kvind,topic::integration,1
topic::kvind,topic::energi,1
topic::kvind,topic::ansættelse,1
topic::kvind,topic::økonomi,2
topic::kvind,topic::brændstof,1
topic::kvind,topic::biodiversit,1
topic::kvind,topic::sundhed,2
topic::kvind,topic::virksomhed,2
topic::kvind,topic::iværksætteri,1
topic::kvind,topic::eu,1
topic::kvind,topic::hav,1
topic::kvind,topic::sikkerhedspolitik,1
topic::kvind,topic::arbejdsplads,1
topic::kvind,topic::arbejde,1
topic::kvind,topic::migration,1
topic::kvind,topic::vold,1
topic::kvind,topic::fattigdom,1
topic::kvind,topic::id-kort,1
topic::kvind,topic::pressefrihed,1
topic::kvind,topic::pandemi,1
topic::kvind,topic::pas,1
topic::kvind,topic::handicap,1
topic::kvind,topic::industri,1
topic::kvind,topic::udenrigspolitik,1
topic::kvind,topic::finans,1
topic::kvind,topic::jagt,1
topic::kvind,topic::ligestilling,3
topic::kvind,topic::socialsikring,1
topic::kvind,topic::luftfart,1
topic::kvind,topic::krise,1
topic::kvind,topic::rettighed,1
topic::kvind,topic::arbejdsmiljø,1
topic::kvind,topic::arbejdsvilkår,1
topic::kvind,topic::skattely,1
topic::gas,topic::velfærd,1
topic::gas,topic::politik,1
topic::gas,topic::energi,1
topic::gas,topic::økonomi,1
topic::gas,topic::cirkus,1
topic::gas,topic::brint,1
topic::gas,topic::dyr,1
topic::arbejdskraft,topic::græns,1
topic::arbejdskraft,topic::velfærd,1
topic::arbejdskraft,topic::integration,1
topic::arbejdskraft,topic::arbejde,1
topic::arbejdskraft,topic::migration,1
topic::arbejdskraft,topic::løn,1
topic::arbejdskraft,topic::jul,1
topic::arbejdskraft,topic::brexit,1
topic::arbejdskraft,topic::eu,1
topic::arbejdskraft,topic::sprog,1
topic::rettighed,topic::sport,1
topic::rettighed,topic::beredskab,1
topic::rettighed,topic::integration,1
topic::rettighed,topic::tyrki,1
topic::rettighed,topic::energi,2
topic::rettighed,topic::økonomi,2
topic::rettighed,topic::sundhed,2
topic::rettighed,topic::biodiversit,1
topic::rettighed,topic::virksomhed,1
topic::rettighed,topic::iværksætteri,1
topic::rettighed,topic::bil,1
topic::rettighed,topic::hav,1
topic::rettighed,topic::kurd,1
topic::rettighed,topic::plastik,1
topic::rettighed,topic::sikkerhedspolitik,1
topic::rettighed,topic::arbejde,1
topic::rettighed,topic::flygtninge,1
topic::rettighed,topic::migration,2
topic::rettighed,topic::pandemi,1
topic::rettighed,topic::affald,1
topic::rettighed,topic::fremtid,1
topic::rettighed,topic::lov,1
topic::rettighed,topic::konflikt,1
topic::rettighed,topic::børn,1
topic::rettighed,topic::pas,1
topic::rettighed,topic::borgere,1
topic::rettighed,topic::fred,1
topic::rettighed,topic::eu-støtte,1
topic::rettighed,topic::industri,1
topic::rettighed,topic::udenrigspolitik,1
topic::rettighed,topic::jagt,1
topic::rettighed,topic::ligestilling,1
topic::rettighed,topic::besættelse,1
topic::rettighed,topic::krise,1
topic::rettighed,topic::arbejdsmiljø,1
topic::rettighed,topic::ulighed,1
topic::arbejdsvilkår,topic::ansættelse,1
topic::arbejdsvilkår,topic::økonomi,1
topic::arbejdsvilkår,topic::brændstof,1
topic::arbejdsvilkår,topic::sundhed,1
topic::arbejdsvilkår,topic::virksomhed,1
topic::arbejdsvilkår,topic::eu,1
topic::arbejdsvilkår,topic::handicap,1
topic::arbejdsvilkår,topic::ligestilling,1
topic::arbejdsvilkår,topic::arbejdsplads,1
topic::arbejdsvilkår,topic::arbejde,1
topic::arbejdsvilkår,topic::luftfart,1
topic::arbejdsvilkår,topic::id-kort,1
topic::arbejdsvilkår,topic::arbejdsmiljø,1
topic::arbejdsvilkår,topic::pressefrihed,1
topic::sport,topic::tyrki,1
topic::sport,topic::energi,1
topic::sport,topic::sundhed,1
topic::sport,topic::børn,1
topic::sport,topic::bil,1
topic::sport,topic::eu-støtte,1
topic::sport,topic::arbejde,1
topic::sport,topic::flygtninge,1
topic::sport,topic::migration,1
topic::sport,topic::arbejdsmiljø,1
topic::sport,topic::ulighed,1
topic::brændstof,topic::ansættelse,1
topic::brændstof,topic::økonomi,1
topic::brændstof,topic::sundhed,1
topic::brændstof,topic::virksomhed,1
topic::brændstof,topic::eu,1
topic::brændstof,topic::handicap,1
topic::brændstof,topic::ligestilling,1
topic::brændstof,topic::arbejdsplads,1
topic::brændstof,topic::arbejde,1
topic::brændstof,topic::luftfart,1
topic::brændstof,topic::id-kort,1
topic::brændstof,topic::arbejdsmiljø,1
topic::brændstof,topic::pressefrihed,1
topic::biodiversit,topic::beredskab,1
topic::biodiversit,topic::integration,1
topic::biodiversit,topic::pandemi,1
topic::biodiversit,topic::energi,1
topic::biodiversit,topic::økonomi,1
topic::biodiversit,topic::sundhed,1
topic::biodiversit,topic::virksomhed,1
topic::biodiversit,topic::iværksætteri,1
topic::biodiversit,topic::pas,1
topic::biodiversit,topic::hav,1
topic::biodiversit,topic::industri,1
topic::biodiversit,topic::udenrigspolitik,1
topic::biodiversit,topic::sikkerhedspolitik,1
topic::biodiversit,topic::jagt,1
topic::biodiversit,topic::ligestilling,1
topic::biodiversit,topic::migration,1
topic::biodiversit,topic::krise,1
topic::teknologi,topic::diabetes,1
topic::teknologi,topic::data,1
topic::teknologi,topic::patient,1
topic::teknologi,topic::energi,1
topic::teknologi,topic::økonomi,1
topic::teknologi,topic::fremtid,1
topic::teknologi,topic::sundhed,1
topic::teknologi,topic::forebyggelse,1
topic::teknologi,topic::elektronik,1
topic::teknologi,topic::sygdomme,1
topic::teknologi,topic::marked,1
topic::teknologi,topic::kræft,1
topic::teknologi,topic::digitalisering,1
topic::teknologi,topic::udstyr,1
topic::budg,topic::migration,1
topic::budg,topic::økonomi,1
topic::budg,topic::forskning,1
topic::iværksætteri,topic::beredskab,1
topic::iværksætteri,topic::integration,1
topic::iværksætteri,topic::pandemi,1
topic::iværksætteri,topic::energi,1
topic::iværksætteri,topic::økonomi,1
topic::iværksætteri,topic::sundhed,1
topic::iværksætteri,topic::virksomhed,1
topic::iværksætteri,topic::pas,1
topic::iværksætteri,topic::hav,1
topic::iværksætteri,topic::industri,1
topic::iværksætteri,topic::udenrigspolitik,1
topic::iværksætteri,topic::sikkerhedspolitik,1
topic::iværksætteri,topic::jagt,1
topic::iværksætteri,topic::ligestilling,1
topic::iværksætteri,topic::migration,1
topic::iværksætteri,topic::krise,1
topic::eu,topic::integration,1
topic::eu,topic::ansættelse,1
topic::eu,topic::økonomi,2
topic::eu,topic::sundhed,1
topic::eu,topic::virksomhed,1
topic::eu,topic::retsikkerhed,1
topic::eu,topic::regl,1
topic::eu,topic::retssystem,1
topic::eu,topic::græns,1
topic::eu,topic::arbejdsplads,1
topic::eu,topic::arbejde,3
topic::eu,topic::migration,1
topic::eu,topic::id-kort,1
topic::eu,topic::fødevar,1
topic::eu,topic::pressefrihed,1
topic::eu,topic::politi,1
topic::eu,topic::finanskrise,1
topic::eu,topic::velfærd,2
topic::eu,topic::tilsyn,1
topic::eu,topic::sprog,1
topic::eu,topic::handicap,1
topic::eu,topic::finans,1
topic::eu,topic::euro,1
topic::eu,topic::ligestilling,1
topic::eu,topic::overvågning,1
topic::eu,topic::luftfart,1
topic::eu,topic::løn,2
topic::eu,topic::arbejdsmiljø,1
topic::eu,topic::jul,1
topic::eu,topic::brexit,1
topic::forskning,topic::migration,1
topic::forskning,topic::økonomi,1
topic::kvot,topic::køn,1
topic::kvot,topic::ligestilling,1
topic::kvot,topic::abort,1
topic::kvot,topic::virksomhed,1
topic::kvot,topic::pol,1
topic::abort,topic::køn,1
topic::abort,topic::ligestilling,1
topic::abort,topic::virksomhed,1
topic::abort,topic::pol,1
topic::arbejde,topic::integration,1
topic::arbejde,topic::tyrki,1
topic::arbejde,topic::ansættelse,1
topic::arbejde,topic::økonomi,2
topic::arbejde,topic::sundhed,2
topic::arbejde,topic::virksomhed,1
topic::arbejde,topic::energi,1
topic::arbejde,topic::retsikkerhed,1
topic::arbejde,topic::bil,1
topic::arbejde,topic::græns,1
topic::arbejde,topic::arbejdsplads,1
topic::arbejde,topic::flygtninge,1
topic::arbejde,topic::migration,2
topic::arbejde,topic::id-kort,1
topic::arbejde,topic::pressefrihed,1
topic::arbejde,topic::politi,1
topic::arbejde,topic::finanskrise,1
topic::arbejde,topic::velfærd,1
topic::arbejde,topic::tilsyn,1
topic::arbejde,topic::ulighed,1
topic::arbejde,topic::børn,1
topic::arbejde,topic::sprog,1
topic::arbejde,topic::handicap,1
topic::arbejde,topic::eu-støtte,1
topic::arbejde,topic::euro,1
topic::arbejde,topic::ligestilling,1
topic::arbejde,topic::overvågning,1
topic::arbejde,topic::luftfart,1
topic::arbejde,topic::løn,2
topic::arbejde,topic::arbejdsmiljø,2
topic::arbejde,topic::jul,1
topic::arbejde,topic::brexit,1
topic::flygtninge,topic::tyrki,1
topic::flygtninge,topic::energi,1
topic::flygtninge,topic::sundhed,1
topic::flygtninge,topic::børn,1
topic::flygtninge,topic::bil,1
topic::flygtninge,topic::eu-støtte,1
topic::flygtninge,topic::migration,1
topic::flygtninge,topic::arbejdsmiljø,1
topic::flygtninge,topic::ulighed,1
topic::id-kort,topic::ansættelse,1
topic::id-kort,topic::økonomi,1
topic::id-kort,topic::sundhed,1
topic::id-kort,topic::virksomhed,1
topic::id-kort,topic::handicap,1
topic::id-kort,topic::ligestilling,1
topic::id-kort,topic::arbejdsplads,1
topic::id-kort,topic::luftfart,1
topic::id-kort,topic::arbejdsmiljø,1
topic::id-kort,topic::pressefrihed,1
topic::fødevar,topic::finans,1
topic::fødevar,topic::regl,1
topic::fødevar,topic::retssystem,1
topic::pressefrihed,topic::ansættelse,1
topic::pressefrihed,topic::økonomi,1
topic::pressefrihed,topic::sundhed,1
topic::pressefrihed,topic::virksomhed,1
topic::pressefrihed,topic::handicap,1
topic::pressefrihed,topic::ligestilling,1
topic::pressefrihed,topic::arbejdsplads,1
topic::pressefrihed,topic::luftfart,1
topic::pressefrihed,topic::arbejdsmiljø,1
topic::diabetes,topic::data,1
topic::diabetes,topic::patient,1
topic::diabetes,topic::energi,1
topic::diabetes,topic::økonomi,1
topic::diabetes,topic::fremtid,1
topic::diabetes,topic::sundhed,1
topic::diabetes,topic::forebyggelse,1
topic::diabetes,topic::elektronik,1
topic::diabetes,topic::sygdomme,1
topic::diabetes,topic::marked,1
topic::diabetes,topic::kræft,1
topic::diabetes,topic::digitalisering,1
topic::diabetes,topic::udstyr,1
topic::data,topic::patient,1
topic::data,topic::energi,1
topic::data,topic::økonomi,1
topic::data,topic::fremtid,1
topic::data,topic::sundhed,1
topic::data,topic::forebyggelse,1
topic::data,topic::elektronik,1
topic::data,topic::sygdomme,1
topic::data,topic::marked,1
topic::data,topic::kræft,1
topic::data,topic::digitalisering,1
topic::data,topic::udstyr,1
topic::affald,topic::økonomi,1
topic::affald,topic::fremtid,1
topic::affald,topic::lov,1
topic::affald,topic::konflikt,1
topic::affald,topic::borgere,1
topic::affald,topic::fred,1
topic::affald,topic::kurd,1
topic::affald,topic::plastik,1
topic::affald,topic::besættelse,1
topic::pandemi,topic::beredskab,1
topic::pandemi,topic::integration,1
topic::pandemi,topic::energi,1
topic::pandemi,topic::økonomi,1
topic::pandemi,topic::sundhed,1
topic::pandemi,topic::virksomhed,1
topic::pandemi,topic::pas,1
topic::pandemi,topic::hav,1
topic::pandemi,topic::industri,1
topic::pandemi,topic::udenrigspolitik,1
topic::pandemi,topic::sikkerhedspolitik,1
topic::pandemi,topic::jagt,1
topic::pandemi,topic::ligestilling,1
topic::pandemi,topic::migration,1
topic::pandemi,topic::krise,1
topic::konflikt,topic::økonomi,1
topic::konflikt,topic::fremtid,1
topic::konflikt,topic::lov,1
topic::konflikt,topic::borgere,1
topic::konflikt,topic::fred,1
topic::konflikt,topic::kurd,1
topic::konflikt,topic::plastik,1
topic::konflikt,topic::besættelse,1
topic::sprog,topic::græns,1
topic::sprog,topic::velfærd,1
topic::sprog,topic::integration,1
topic::sprog,topic::migration,1
topic::sprog,topic::løn,1
topic::sprog,topic::jul,1
topic::sprog,topic::brexit,1
topic::fred,topic::økonomi,1
topic::fred,topic::fremtid,1
topic::fred,topic::lov,1
topic::fred,topic::borgere,1
topic::fred,topic::kurd,1
topic::fred,topic::plastik,1
topic::fred,topic::besættelse,1
topic::handicap,topic::ansættelse,1
topic::handicap,topic::økonomi,1
topic::handicap,topic::sundhed,1
topic::handicap,topic::virksomhed,1
topic::handicap,topic::ligestilling,1
topic::handicap,topic::arbejdsplads,1
topic::handicap,topic::luftfart,1
topic::handicap,topic::arbejdsmiljø,1
topic::omstilling,topic::energi,1
topic::omstilling,topic::investering,1
topic::omstilling,topic::brexit,1
topic::finans,topic::ligestilling,1
topic::finans,topic::socialsikring,1
topic::finans,topic::regl,1
topic::finans,topic::vold,1
topic::finans,topic::fattigdom,1
topic::finans,topic::skattely,1
topic::finans,topic::retssystem,1
topic::kina,topic::terror,1
topic::kina,topic::energi,1
topic::kina,topic::marked,1
topic::kina,topic::økonomi,1
topic::kina,topic::virksomhed,1
topic::kina,topic::bæredygtighed,1
topic::kina,topic::kriminalit,1
topic::kina,topic::politi,1
topic::kræft,topic::patient,1
topic::kræft,topic::energi,1
topic::kræft,topic::økonomi,1
topic::kræft,topic::fremtid,1
topic::kræft,topic::sundhed,1
topic::kræft,topic::forebyggelse,1
topic::kræft,topic::elektronik,1
topic::kræft,topic::sygdomme,1
topic::kræft,topic::marked,1
topic::kræft,topic::digitalisering,1
topic::kræft,topic::udstyr,1
topic::indremarked,topic::økonomi,1
topic::indremarked,topic::kriminalit,1
topic::indremarked,topic::politi,1
topic::socialsikring,topic::ligestilling,1
topic::socialsikring,topic::vold,1
topic::socialsikring,topic::fattigdom,1
topic::socialsikring,topic::skattely,1
topic::cirkus,topic::velfærd,1
topic::cirkus,topic::politik,1
topic::cirkus,topic::energi,1
topic::cirkus,topic::økonomi,1
topic::cirkus,topic::brint,1
topic::cirkus,topic::dyr,1
topic::revision,topic::ansvar,1
topic::bæredygtighed,topic::terror,1
topic::bæredygtighed,topic::energi,1
topic::bæredygtighed,topic::marked,1
topic::bæredygtighed,topic::økonomi,1
topic::bæredygtighed,topic::virksomhed,1
topic::bæredygtighed,topic::kriminalit,1
topic::bæredygtighed,topic::politi,1
topic::politik,topic::velfærd,1
topic::politik,topic::energi,1
topic::politik,topic::økonomi,1
topic::politik,topic::brint,1
topic::politik,topic::dyr,1
topic::beredskab,topic::integration,1
topic::beredskab,topic::energi,1
topic::beredskab,topic::økonomi,1
topic::beredskab,topic::sundhed,1
topic::beredskab,topic::virksomhed,1
topic::beredskab,topic::pas,1
topic::beredskab,topic::hav,1
topic::beredskab,topic::industri,1
topic::beredskab,topic::udenrigspolitik,1
topic::beredskab,topic::sikkerhedspolitik,1
topic::beredskab,topic::jagt,1
topic::beredskab,topic::ligestilling,1
topic::beredskab,topic::migration,1
topic::beredskab,topic::krise,1
topic::sundhed,topic::virksomhed,2
topic::sundhed,topic::bil,1
topic::sundhed,topic::hav,1
topic::sundhed,topic::sikkerhedspolitik,1
topic::sundhed,topic::arbejdsplads,1
topic::sundhed,topic::digitalisering,1
topic::sundhed,topic::fremtid,1
topic::sundhed,topic::pas,1
topic::sundhed,topic::eu-støtte,1
topic::sundhed,topic::industri,1
topic::sundhed,topic::arbejdsmiljø,2
topic::sundhed,topic::udstyr,1
topic::sundhed,topic::integration,1
topic::sundhed,topic::tyrki,1
topic::sundhed,topic::energi,3
topic::sundhed,topic::økonomi,3
topic::sundhed,topic::ansættelse,1
topic::sundhed,topic::forebyggelse,1
topic::sundhed,topic::elektronik,1
topic::sundhed,topic::sygdomme,1
topic::sundhed,topic::marked,1
topic::sundhed,topic::migration,2
topic::sundhed,topic::patient,1
topic::sundhed,topic::børn,1
topic::sundhed,topic::udenrigspolitik,1
topic::sundhed,topic::jagt,1
topic::sundhed,topic::ligestilling,2
topic::sundhed,topic::luftfart,1
topic::sundhed,topic::krise,1
topic::sundhed,topic::ulighed,1
topic::virksomhed,topic::integration,1
topic::virksomhed,topic::energi,2
topic::virksomhed,topic::ansættelse,1
topic::virksomhed,topic::økonomi,3
topic::virksomhed,topic::hav,1
topic::virksomhed,topic::terror,1
topic::virksomhed,topic::sikkerhedspolitik,1
topic::virksomhed,topic::arbejdsplads,1
topic::virksomhed,topic::marked,1
topic::virksomhed,topic::migration,1
topic::virksomhed,topic::kriminalit,1
topic::virksomhed,topic::politi,1
topic::virksomhed,topic::pas,1
topic::virksomhed,topic::industri,1
topic::virksomhed,topic::udenrigspolitik,1
topic::virksomhed,topic::jagt,1
topic::virksomhed,topic::køn,1
topic::virksomhed,topic::ligestilling,3
topic::virksomhed,topic::luftfart,1
topic::virksomhed,topic::krise,1
topic::virksomhed,topic::pol,1
topic::virksomhed,topic::arbejdsmiljø,1
topic::regl,topic::retssystem,1
topic::bil,topic::tyrki,1
topic::bil,topic::energi,1
topic::bil,topic::børn,1
topic::bil,topic::eu-støtte,1
topic::bil,topic::migration,1
topic::bil,topic::arbejdsmiljø,1
topic::bil,topic::ulighed,1
topic::hav,topic::integration,1
topic::hav,topic::energi,1
topic::hav,topic::økonomi,1
topic::hav,topic::pas,1
topic::hav,topic::industri,1
topic::hav,topic::udenrigspolitik,1
topic::hav,topic::sikkerhedspolitik,1
topic::hav,topic::jagt,1
topic::hav,topic::ligestilling,1
topic::hav,topic::migration,1
topic::hav,topic::krise,1
topic::sikkerhedspolitik,topic::integration,1
topic::sikkerhedspolitik,topic::energi,1
topic::sikkerhedspolitik,topic::økonomi,1
topic::sikkerhedspolitik,topic::pas,1
topic::sikkerhedspolitik,topic::industri,1
topic::sikkerhedspolitik,topic::udenrigspolitik,1
topic::sikkerhedspolitik,topic::jagt,1
topic::sikkerhedspolitik,topic::ligestilling,1
topic::sikkerhedspolitik,topic::migration,1
topic::sikkerhedspolitik,topic::krise,1
topic::roaming,topic::marked,1
topic::roaming,topic::vækst,1
topic::arbejdsplads,topic::ansættelse,1
topic::arbejdsplads,topic::økonomi,1
topic::arbejdsplads,topic::ligestilling,1
topic::arbejdsplads,topic::luftfart,1
topic::arbejdsplads,topic::arbejdsmiljø,1
topic::digitalisering,topic::patient,1
topic::digitalisering,topic::energi,1
topic::digitalisering,topic::økonomi,1
topic::digitalisering,topic::fremtid,1
topic::digitalisering,topic::forebyggelse,1
topic::digitalisering,topic::vækst,1
topic::digitalisering,topic::elektronik,1
topic::digitalisering,topic::sygdomme,1
topic::digitalisering,topic::marked,2
topic::digitalisering,topic::udstyr,1
topic::kriminalit,topic::energi,1
topic::kriminalit,topic::økonomi,2
topic::kriminalit,topic::terror,1
topic::kriminalit,topic::marked,1
topic::kriminalit,topic::politi,2
topic::politi,topic::finanskrise,1
topic::politi,topic::energi,1
topic::politi,topic::tilsyn,1
topic::politi,topic::økonomi,3
topic::politi,topic::retsikkerhed,1
topic::politi,topic::terror,1
topic::politi,topic::euro,1
topic::politi,topic::marked,1
topic::politi,topic::overvågning,1
topic::politi,topic::løn,1
topic::finanskrise,topic::euro,1
topic::finanskrise,topic::tilsyn,1
topic::finanskrise,topic::overvågning,1
topic::finanskrise,topic::økonomi,1
topic::finanskrise,topic::retsikkerhed,1
topic::finanskrise,topic::løn,1
topic::velfærd,topic::integration,1
topic::velfærd,topic::energi,1
topic::velfærd,topic::brexit,1
topic::velfærd,topic::økonomi,2
topic::velfærd,topic::brint,1
topic::velfærd,topic::dyr,1
topic::velfærd,topic::græns,1
topic::velfærd,topic::migration,1
topic::velfærd,topic::løn,1
topic::velfærd,topic::jul,1
topic::fremtid,topic::energi,1
topic::fremtid,topic::økonomi,2
topic::fremtid,topic::forebyggelse,1
topic::fremtid,topic::elektronik,1
topic::fremtid,topic::kurd,1
topic::fremtid,topic::plastik,1
topic::fremtid,topic::sygdomme,1
topic::fremtid,topic::marked,1
topic::fremtid,topic::patient,1
topic::fremtid,topic::lov,1
topic::fremtid,topic::borgere,1
topic::fremtid,topic::besættelse,1
topic::fremtid,topic::udstyr,1
topic::mad,topic::energi,1
topic::lov,topic::økonomi,1
topic::lov,topic::borgere,1
topic::lov,topic::kurd,1
topic::lov,topic::plastik,1
topic::lov,topic::besættelse,1
topic::investering,topic::energi,1
topic::investering,topic::brexit,1
topic::borgere,topic::økonomi,1
topic::borgere,topic::kurd,1
topic::borgere,topic::plastik,1
topic::borgere,topic::besættelse,1
topic::pas,topic::integration,1
topic::pas,topic::energi,1
topic::pas,topic::økonomi,1
topic::pas,topic::industri,1
topic::pas,topic::udenrigspolitik,1
topic::pas,topic::jagt,1
topic::pas,topic::ligestilling,1
topic::pas,topic::migration,1
topic::pas,topic::krise,1
topic::eu-støtte,topic::tyrki,1
topic::eu-støtte,topic::energi,1
topic::eu-støtte,topic::børn,1
topic::eu-støtte,topic::migration,1
topic::eu-støtte,topic::arbejdsmiljø,1
topic::eu-støtte,topic::ulighed,1
topic::industri,topic::integration,1
topic::industri,topic::energi,1
topic::industri,topic::økonomi,1
topic::industri,topic::udenrigspolitik,1
topic::industri,topic::jagt,1
topic::industri,topic::ligestilling,1
topic::industri,topic::migration,1
topic::industri,topic::krise,1
topic::køn,topic::ligestilling,1
topic::køn,topic::pol,1
topic::besættelse,topic::økonomi,1
topic::besættelse,topic::kurd,1
topic::besættelse,topic::plastik,1
topic::overvågning,topic::euro,1
topic::overvågning,topic::tilsyn,1
topic::overvågning,topic::økonomi,1
topic::overvågning,topic::retsikkerhed,1
topic::overvågning,topic::løn,1
topic::pol,topic::ligestilling,1
topic::løn,topic::integration,1
topic::løn,topic::tilsyn,1
topic::løn,topic::økonomi,1
topic::løn,topic::retsikkerhed,1
topic::løn,topic::græns,1
topic::løn,topic::euro,1
topic::løn,topic::migration,1
topic::løn,topic::jul,1
topic::løn,topic::brexit,1
topic::arbejdsmiljø,topic::tyrki,1
topic::arbejdsmiljø,topic::energi,1
topic::arbejdsmiljø,topic::ansættelse,1
topic::arbejdsmiljø,topic::økonomi,1
topic::arbejdsmiljø,topic::migration,1
topic::arbejdsmiljø,topic::børn,1
topic::arbejdsmiljø,topic::ligestilling,1
topic::arbejdsmiljø,topic::luftfart,1
topic::arbejdsmiljø,topic::ulighed,1
topic::udstyr,topic::patient,1
topic::udstyr,topic::energi,1
topic::udstyr,topic::økonomi,1
topic::udstyr,topic::forebyggelse,1
topic::udstyr,topic::elektronik,1
topic::udstyr,topic::sygdomme,1
topic::udstyr,topic::marked,1
topic::brexit,topic::integration,1
topic::brexit,topic::energi,1
topic::brexit,topic::græns,1
topic::brexit,topic::migration,1
topic::brexit,topic::jul,1
topic::integration,topic::energi,1
topic::integration,topic::økonomi,1
topic::integration,topic::græns,1
topic::integration,topic::migration,2
topic::integration,topic::udenrigspolitik,1
topic::integration,topic::jagt,1
topic::integration,topic::ligestilling,1
topic::integration,topic::krise,1
topic::integration,topic::jul,1
topic::energi,topic::tyrki,1
topic::energi,topic::økonomi,4
topic::energi,topic::forebyggelse,1
topic::energi,topic::brint,1
topic::energi,topic::elektronik,1
topic::energi,topic::terror,1
topic::energi,topic::sygdomme,1
topic::energi,topic::marked,2
topic::energi,topic::migration,2
topic::energi,topic::patient,1
topic::energi,topic::børn,1
topic::energi,topic::dyr,1
topic::energi,topic::udenrigspolitik,1
topic::energi,topic::jagt,1
topic::energi,topic::ligestilling,1
topic::energi,topic::krise,1
topic::energi,topic::ulighed,1
topic::ansættelse,topic::økonomi,1
topic::ansættelse,topic::ligestilling,1
topic::ansættelse,topic::luftfart,1
topic::økonomi,topic::forebyggelse,1
topic::økonomi,topic::retsikkerhed,1
topic::økonomi,topic::elektronik,1
topic::økonomi,topic::kurd,1
topic::økonomi,topic::brint,1
topic::økonomi,topic::plastik,1
topic::økonomi,topic::terror,1
topic::økonomi,topic::sygdomme,1
topic::økonomi,topic::marked,2
topic::økonomi,topic::migration,2
topic::økonomi,topic::patient,1
topic::økonomi,topic::tilsyn,1
topic::økonomi,topic::dyr,1
topic::økonomi,topic::udenrigspolitik,1
topic::økonomi,topic::jagt,1
topic::økonomi,topic::euro,1
topic::økonomi,topic::ligestilling,2
topic::økonomi,topic::luftfart,1
topic::økonomi,topic::krise,1
topic::tyrki,topic::børn,1
topic::tyrki,topic::migration,1
topic::tyrki,topic::ulighed,1
topic::forebyggelse,topic::patient,1
topic::forebyggelse,topic::elektronik,1
topic::forebyggelse,topic::sygdomme,1
topic::forebyggelse,topic::marked,1
topic::retsikkerhed,topic::euro,1
topic::retsikkerhed,topic::tilsyn,1
topic::vækst,topic::marked,2
topic::brint,topic::dyr,1
topic::elektronik,topic::patient,1
topic::elektronik,topic::sygdomme,1
topic::elektronik,topic::marked,1
topic::kurd,topic::plastik,1
topic::græns,topic::migration,1
topic::græns,topic::jul,1
topic::terror,topic::marked,1
topic::sygdomme,topic::patient,1
topic::sygdomme,topic::marked,1
topic::marked,topic::patient,1
topic::migration,topic::børn,1
topic::migration,topic::udenrigspolitik,1
topic::migration,topic::jagt,1
topic::migration,topic::ligestilling,1
topic::migration,topic::krise,1
topic::migration,topic::ulighed,1
topic::migration,topic::jul,1
topic::vold,topic::ligestilling,1
topic::vold,topic::fattigdom,1
topic::vold,topic::skattely,1
topic::fattigdom,topic::ligestilling,1
topic::fattigdom,topic::skattely,1
topic::tilsyn,topic::euro,1
topic::børn,topic::ulighed,1
topic::udenrigspolitik,topic::jagt,1
topic::udenrigspolitik,topic::ligestilling,1
topic::udenrigspolitik,topic::krise,1
topic::jagt,topic::ligestilling,1
topic::jagt,topic::krise,1
topic::ligestilling,topic::luftfart,1
topic::ligestilling,topic::krise,1
topic::ligestilling,topic::skattely,1
